count,mean,std,min,25%,50%,75%,max
6392.0,57.85794743429287,11.72773738493403,1.0,51.0,59.0,66.0,91.0
