Column,Skewness,Kurtosis
ID,0.06103116662022718,-1.2421076265193187
Patient Age,-0.6973140177911407,2.047402558164984
N,0.729547821815732,-1.4682194664468795
D,0.7130066442672602,-1.4920884843976792
G,3.6294847903756717,11.176656822426128
C,3.6019020086904114,10.977132629715861
A,4.134993290849039,15.102894979314819
H,5.341710976296268,26.54218086931179
M,4.236459753364951,15.952582565537611
O,1.1646387219063459,-0.6438181903531115
parsed_gender,0.14307638219752533,-1.980148817773039
