Gender,Count,Proportion
Male,3424,0.5356695869837297
Female,2968,0.4643304130162703
